User ID,Anonymized User ID,Course Specific Anonymized User ID
9447,fae73678e9407c55973953c389e4f2e5,7dbf1cd06b66d91195d2a7f85d8b263e
103159,e9708ee65c3cae00394f632d81c1b530,aab2ff6d49e68ebeea3d7162427bd6b6
240309,d9f7814f26f9be51151453f75c00842b,d8cd0453cfda230e8325aafdaf922252
295127,60686a1deea7d09ed8c97994cd771e49,22c94329679ed3e65d28ae71c43b7649
317898,b8a36ecaef7ba5aac0254de71b34a755,07ea820d6d66d30a58c73e0ed557670a
365771,934f92b25fc4819d217f19e2014c1ecd,80e2548e4d55f50c0d3ea2f461f14712
775211,95944a83dd596424d1661bd1c0e24886,bb1ec9b52ce4eb518e660760f375a4ee
903542,874ce810852aae596cf998c0c03b339f,872a0ffceb85d7c0e241d1e5fb4b3634
1057293,1d6973448a797c18c98c3b4082a8dd69,122f5a824161d286667f26374c557668
1244590,1fc9b667880a38349ca6e7133d489b14,9348c33b24a79d1ebf4ec52963085e6a
1659162,b915144801020f1ae91bb95901b6f90d,92fe2653b25dcd5917d84fcd5cdb9128
1768360,9c223008387a76b2bc1e87dc0bf19085,5c2980868779965b452ce9b39ca5c216
1975416,33f5b8a0401fcb67a1509c446a7dc4ae,f46243277ad4c6bee8690c2af4a2ecde
2984466,098abdecef4c21aa61b34eb2e9c1506d,95bb28adc8232abdb839ecb39ffaeaec
3246698,604beb1f267057d85b18ca49dd55114e,a70876d5914166bdf809dc9d55561a4d
3617544,a798fc9d8d7f432b2ce12a524e042272,4f811b2f22660c99555d4e07f0e74d22
3988755,258948ed47b233d8c8ea971c8ffdf577,17eeddd3218ba143320996a675979951
3996023,396810989cbd67320a330d6a781d5d1e,d74a7f1c025077a7adef84b5c3d11c6b
4550113,bb3828b2b1c3017cd66d01eef3673b27,11ee8011e6770d83ee22f4440a5ea40a
4663120,28ad87ad16a7d0c153bc4c62beb596f2,9178af090724e4375a400300a506ed55
5185647,6e64f040b2d69290ffbaa66113d56d87,47256aff9ba8c125bc0571f3cd6f95a5
5305329,e08da927088e1cd40d528d2c6ea57a0d,8ba48745a080a2ab90999ff95aba2d89
5715433,b10c1b473ce0887b1b6f3928469a573d,719c9072e3712133018aa6c7563842e8
5962281,7b3bc9d0aabe46867e4dc29747d4e6c8,35711f46c0c06bca93dd6645a645fcaa
6100986,66f6b92b3f0db1f1b93e289948135565,f2a76567899ca5d6423577d59e71c645
6396555,4fe8dbb166d01be9a67d5b741ff62395,ab87cc55a793d36194f69649854e20c2
6525182,9f014e438f7dd3f700c7f3322a973321,bd19011b0c17ad43d9c57e5df09bf88a
6620670,68c56ba9f0d74b3e2abe7506b334e40a,47128fe954842f3a9c261965971924a0
6994712,756e96cd98656cc5beeb20c4a8cdffd0,6f744b38362c7c1c25c637e4d9e5ef1e
7143844,aa1f0e7d0a0bc8ae916c63448f365c69,9198f8f058b4c45cd9ae280d151b894a
7431958,5cbe3f8dd8d0ee62629af882fdffbe58,88d8c6051017c50c269eeccbce12ccf2
7927307,e1092737d34628a8a8b2b2e6c2b175d0,fc7ed311357bfdac78d5d0ae86f5f7d2
8005685,fffa9669697e3b19587b8b583efc840f,f2be04e922c8b7d0fd326f07dc6ce4e7
8868168,202d21b827f470f2f0425993abf66aaa,5b30003d0c40cec7d77401d0696eeca5
8870773,724c7f382135412848c890d85b748bf5,00b8f3c5f09ce3c3107e0304bac9bde8
9191919,c4ca0b1b41f7f4166f43725d71ba9701,0dc8af57a6532fc35b256411103deeec
9756100,9a78891aca5513dede1aa651229cc545,9d0a3fc7f6cc2c991bd85f71141f31f3
10097256,4b82d53b25af81618699caec8f9d5e26,e4f2de1bea8d49c5536c717809652b4e
10108958,8861c8a7397a3df3a81ef79e86d2e49b,d65adf10fde3ad1c898ea80a133a094c
10117079,3c8e2f5f2889b7cbcd9cd94c2f1c395a,aa1c64c35032d89ff72f4dc4aa543413
10442141,73854d37968a7f4dfd137414e53723c5,2e205dba1fa7c2953b1c57c75c1b92f8
10583136,bc2562e2d30e225fed8c715bf0089194,e8cb36de0147d2df9c6d0b7908bbd953
10827476,ef0d0b5b294516a9db057dc60d8655e2,1b67e6869a061195fa38f98d1c4937f8
10861219,9fe9d2d1c8d3b977d4b684b0e949d85e,1034d982c62934d13486077e8b5de436
11233354,35ab4e62ba6b7228c52a4e2c7086e005,21a3873ce3a86fbd95619a3e405e0339
11579444,216485cfb70ca49fd45d775f37209c1c,4cf3bfb75bafbb03207f14d8bb1a632b
11592822,62f13b0f6d856b64b5e6d086335d7c5f,7e20b93d9e22d9f031ef3835fe712f07
11624034,b8d80858cc7a305a9fde1ae90a64d69b,399719c931ec87b6487a5fafcc58c058
11744143,d867fad44ed841b4d1f12211049e4aed,ff8d3b0433d0950ef57f7e3ea60a8e98
12028387,d478f0d6fa7e9e3586648fd68612613f,bcdc8fa31cb4d1c4474ac0281c99007c
13738307,b38aa8f769e174a2d9798604e3d2be0d,53a2cab1bf73461b50570eea17360c8d
14380831,0edfbe22fe71d0a77c864cdf4e07ba8b,0bedcd48b348ac0dcdd457e202009166
14701392,848a95dfbcfa5ea2b1723e4b6a225b00,0a8f2905b2d93a4b39f1308587de2202
14817170,77fb42cbc6cb5ae0d931b9a88568a4ae,25088fbe0f79634e916c33a4fa366d15
14900132,ad225dd17c5ad73f2289afcb26ebf14d,8991f4313b3e9f0811b3a2df952c048b
15002996,4d8c634cbad6765bb2227c41b0efba88,aa500a92f029351b973235bbab70b781
16679210,dfbf3167e82fc8c4e37d306fef1de78a,79331132fa65d1bcff624cc008b022e0
17280698,2f06ef908d75d47641a241852691fa6d,28c3becca985881dcbbf6ed90aced110
17869573,778ed098f828544544d0ea43701a1dfc,c71c019ac6cdb93553511a8b28d661f7
17982040,fa30789ad001c8b94929c60d3777f5b9,768feac5164ab9fc3bc02870a6ee12fd
17985086,8a281eb7071c1ce3c012f298823b06bd,3ef13e6176570475400b5ab297077251
18267805,a7b710ed913ef5c3e0fdbdee70dd0446,56c28d81a79aa28f0bdddff00bbdd026
19943066,deab2f6bd3af3f9ca817f6fcc0a37ecf,7edf2954c01a5c67474d879e7ac86fee
21913191,d24b26fcc14519b7b7854a6a45e895ac,fa4739bd681c84b644288742191b16ba
22007662,3c528360df3e6ff3da1f93a3c8920fd3,e5644768fbb14804b3d56af57c543620
22124008,b2c5eecf2eb6898506682711f2440548,5e32728479393efcf8437e7b6896bbe8
22667540,620d9f677ebb4bfc32184121aec78d2b,bfd6682a0c37fea7e7aa9114e49f2644
22769693,56ed9fa90be688bd093eb947b3e3398b,3b296f0d79fafd2db4319a56bf9918f2
23297012,d9309a21f6afc2199ff826c0cf0ae8b2,3975ca17c5d6c1c7e4a5b5c1db9538c6
23307422,649fac56fc3243770d910ac0d479b58d,0293da292b959d6ee79c46a81322813d
24485025,413ff09254430eaea59867dc0ebad418,5f96eebb94e56de9e1b9184106ab41e1
25051158,eb8e2d88be725d8855d8fb9300893a0c,e96303355ab1e07d715a473e154a2540
25647745,a863c2739502f229951a0eecc0d3e14e,663ff1d0aac28b29292face68a3152f3
25833971,c5ad7d1ef3a5fce576c8320219e5887b,568a0cf6caa9822c5b065963e5ec20a1
26414616,9d4f6d7e1f76a6cd5e0a8e041c5bf32d,c23bcdaf1679769cd7943a5825b7fe01
26422318,db400166a96db10419731b625bded8df,5f3501ee9eee2e4ef90dab967c69bca4
26551128,65544a8687725e2762a475171837e187,6453298c91fff296b470c3bbe9224326
27020074,9768ab2dd08365ada6df54703c1b3e84,2365a0fa203a79aa133e95c16f83dc6d
27242054,c78fdc509ed7beab7c6125ed57553865,9291e01402b4444fb083930869d3329e
28992001,d807935d3445950e916760382359746a,721fce73eab74c2bcf09004653c8d66c
30248314,28386bc36bb5319d648f0e56974c829e,ff880a229020202a681890e6ff167ae6
31976807,e896389da9cfef5d4b3d206cbb4520ed,37a64db764ec3196089442002fd87dab
32644209,50b196b07cea270b20e5cfe398b1c45f,69d9e9f371f8e795a28481001ddd8e9f
33240089,fc1c3e3755370140f66ad07b1d93aa90,789b2688e9d29f2ce142a6002809191b
34106527,59dc3dbf42d265882fa6a8d89383693a,7234973fc101b1416a4e33ec07d04ddb
34406675,4507c4951c5321027e725b38707c675e,d064c6fafbf01acc6a909e341bbdb005
35419432,efe3021f25b8d48f83534edc0325f894,23c6937fdfd26ded7109e88424ea7990
35622714,1ae79b4ca10e6367f983a6aa79038677,bff4156487abee1ddcc10fc4b3c7ac02
36023916,6da88d7dfd2c101358c6b98202751dbe,c1b6b5ce8102c16671fdbbb22ddd8dc6
36530805,feeded65709aad97b59c07f73c5d0d85,ea592e8b0dffae23f6f09aea6fc3d7a6
36634698,a43c01f95a00656dc9810aaf04b876b6,09c2635a13039853f9bd10252ee5633b
37112359,b14f750cec3dce7b6e7745cd3f92b41d,7b6223e407e3e6de4d5eec8da6e739dc
37300062,e0f65d56ea705e6b48befeeb758fe128,a1392ee127c84f66aa66ee62a8e6d8d4
37467916,7f13e45252a974d0cd488d98978eb9d5,29f675b4f71cb2a5e92cfa6c0af80084
37629514,847427bce0e37ce7bc7b6e8684e45976,6d9857a1cb3230b9d583f63ea5225b7c
37760739,8d48e396b5ed6a86f707ff193b9ee7e7,41d9d71ec740f220dd8caf8778074fa6
38225540,0cec083f8899677a19f58d29865e65fb,f0e304a40394938fdcb50ac0afaeed8b
38336013,fa4162b9fb7014381fd6d9ef253aefc5,343d54fca81eaef816e326c5df493869
38414838,720ce0d29ed4346d020a1d2f698eb9c5,4abdd8da9b8ae80b34b504b7f15991a4
38739193,3dbddcb443cf14fcd7ae931eb6b5dfb5,43f8766dd0bbe736e29ee92be68b2abd
38928344,12f693a25ff073b972640c9951de8ec7,91a0190bad4d6dbd1e0f49bab1b2bde3
39723847,cf6835210c941450cef44cae71e3ba9c,813b1540d96d9588ed0cce4ce8da7d78
40221734,0bab7c27e813c8c21e6eadc098daf2d5,3aec1337a85c73541e66aa3adffd7f5a
40747119,b3d62e60f9e31e1e73f44610b40629da,395e5c3a03921091e0a3eb25b981e6cf
41419500,43da0743366413a9358bf731ddcad3ae,1ffbd78694adc0dc61a72d9e68adb0f0
41499185,9361fc4cb1484ff597ff632021c824c6,2b9f20a42aae8ce7a98baedcf5bb7325
42149521,7f485219d7c25556735fb87d6e9ea89b,81a96a0e3cf6049b26d8f078d9d33232
42206634,3ecb126ae40aaac3d7f7cbcf30956456,fb2bf35d1c51882411850b77dba15ef8
42731342,b84c1420c67dbf01fa54c7b72752abb1,86ef469ef1b5ff293924e44bc5fb3184
43581684,2497082792f59899b8af1323c28838c3,753a2004bd58b977aa519c653c8de3b5
43599243,5c55f2eb513f084ac639219594681b5c,3fe53f62adb3c1c8db45939edacfc624
44312926,9b02ba1e9650a496ab50f02711066f42,3e1f810a4f805966865f7260776d0827
44435199,b93d823fcdd7aa2059f82110c333cf6c,abd832863982bdfabed92a708f3b8741
45168666,bb21fcb9a36293fbdf704b39368bc1f2,946a5ec6511f4dbe47ff68859b7d4e01
45306025,5cae382aae10c459d88346094a7d10a3,5c1897c36ccbfcd8e23b333aa4f1a321
46029962,3965c755ff8047564baad6873a7bbe4b,867d5b9105c75d06969b50d9a07aa5b9
46267485,9f32ba29cb2d2d5ebd696d4b1bedaaec,9aef64ae91ecf123d1bd33cabd428ce1
46388122,c139e52be1759b53695a7e4b0ab72b46,ac8da2fd7b7e5899631a2f0d7cf30f00
47491256,e6d684caeceb5ca678257e67ef559520,ec7bf9b0244c4c45233ef3b57c174931
48280074,a5fa4494e821870d849bd1800beec42b,31bdbb7e938f07bea5b44827510f0dbc
48309173,cef087b36ae6e7119abf14d1372caacc,03d9be5819998e8927d36efa6a677c59
48412229,63f9b31b06928d6b67705a71cbf46f7c,c9e9b42b57545b15582faf0c65b313ed
48464835,4969856514d55cd816f8cb843c13bb18,b6dfeaa772276f26f486efd92ddf08f3
48614642,44ff8d6d53481445b036cf3999f587e1,7a06ca763023aa61dac5b3550f1cf37c
49133788,b92b048838bab374c8290068a88f38fd,2740d90004d7e4d9a362d34865f0b878
49401279,eee33ddf7961d52449a38d33f58affa2,2f512c66a812cb72640ff745acad067b
49900050,cfa598bfe37a3c474c745b82628ac474,75d14885b90bf6402675804672cf5d9a
49948647,457f7504f474e70a1f3fc8761d9af411,fa91e7e974255d0045c4cbf2fe580f83
50088525,ebc42e240433acb2698fd4a8067b3cd1,7ae7e792a0f8dcb05a86fcbf2e2cc105
50471274,c46127ff6a865aa8a73a6ef5e8360995,dd16c8dea2a9a48da813a7546b3cd9ba
50555658,8c9c9a7bb882ce7f38a96535b12963a7,d98379dff9f65313a19283fc963db014
50814555,fac84145c420c423f4c781610927fefa,f0bf013a17140cdda29053b0f71e8ed6
50908818,3ed98477ade01c7e028e6fe3558db7ac,d711accea7ceb6d56c14b1d331fb673f
51156005,63b02c16b4e50ff4711bffae37271245,196336fd92082f33f7be3b8fbf509a68
51277398,caedadfa4c6e05ff6b82ba81a62f79cf,44c7df20f32b7bade5e58291be1cb961
51678915,92c274a3c05fd1553a5da56c6fca157d,dfa13475b8832be33d19ce47b1c3a6e8
51956329,efd14b1abee629cbd999cefb855386b3,184a3748e46c3286a12c4e9082d39ed6
52181648,b7d128bde18ef0c73c9080a2b5ebb3c1,369fb9a68d174c92b3c00192e4903ede
52198938,afd55ce0e2a318e00e1341c935389c09,340fe67e833ed1b847af4ccdadd09c4d
52396299,8b20fed1f287853e3a7e325fa7f45b14,5c4561c294717cc5fa77cc1cceb51245
52459589,d3396dffe323a54f9f43832f1d588e92,4803d5ba2df2cc29c9648c20bae082de
52691745,24eb0af9befd67433d8692b8252c9ed7,10c8acdd36046289c4e26503d66e173f
53335574,d66fe5d7d60cc6772f416c83fd7f1313,b0278a75af7e0f1a4f322c5c99ef7a5f
53347728,498274e07243d51c52523dfa4853a7f0,960d7a351a39bcbe94a93026aea3998d
53369645,a7b651f63c09192a9cbdabf3e885a4ab,32fd9f3de68836ebd0ad01cdf2b3944e
54103110,d7f4eebdaf6fdaf8cd3f83b7f68156bc,3871ffce94b324cc611710888b54517d
54218449,bc28ce78551838f192e49f5e09fcb826,c2b4846c7fad11a8f6105c5976c52694
54770973,10509900c45f2c6c6b1c605ed12eabae,b6d3b82b2183c1b67daf130745f8cc1a
54802003,6b8deda91df59f9b527777b1cc2bc007,055261c82fc7337620930134f1930f74
54924700,771f86e5e08adefc7c761ce02849b6c7,46e076665c9f870e89b60033861f75df
55002237,9dc7929be227def52669cf8168893dbd,ae14cf57495cc17c59ce918f08f116ac
55108275,458b0e36d3022f4dc2d43500fb12e997,fff98717298613efae30161a8012710b
55458655,801c75e3352a82e12066eb12919cf89a,a2dd7523604e81972e9919f19217626c
55595530,b1096dfb3913c884dd6df9a30e9ef094,a4da971a7894e4c83e4ab5044ee3bc76
55799693,4cce66532fb5cc0b6a2f2e24bf80d54e,915fd3c7537071f9e22d30033076fb82
55801090,70a552ab3d940f94d8a37501653564ba,160bb9dcbcc8537d406360367154bf19
55831407,2d6a5d0e8f846ca23f17feebc2e4aa60,2d2aa8d50e4addb0c04aad8b9eac029b
56236001,8608062d7e2fc755b9ae9f4be750ad3a,406aba8a0c1a95c6ee4d5b4f463c2587
56635765,481676616db7d258913979e1b79f1651,f4b1d9c95bbcbb13eeaf4c62650f3005
56812238,78e41adce96c38af629650ed324ee008,abb96b155263543c5bc3795a86381359
57119927,6d1d30913f9b2621079a290d455c168e,d888fd3f599a74acc0d096e3d4af9134
57144409,1328f9f657777fc3940b16004c88515b,1b09896496c4ba40e8b6308b33d99d78
57307083,72e69734c2502b1a3f66759590380301,f0540403455b3a38a26878ef6b55ef03
57447542,d29b67f8fbe586c3a0fd6a79e24973ba,b2b1a26f211eb544cfcafcc783d93e36
57483528,f3587988b2b75b4350ad90c29f51db5c,55d328be1f9a78c263e77445aa82b318
57542683,d7690e5f2e60ba71b886f30a27ac8b4a,f232ea832b44d06f78a10c736c1d98bc
58065699,505b191c58647950ccbed4bb725eba8e,527990c4a27b635c2f92d54d0aa98378
58620774,11f9154ed991e25e31d3398f1b6cf9d2,b8a03d0a161f972229bf12c2c18d8209
59057517,d3b6eb1600ec41c0b8cd987d03bb8ba0,ade6f928bc13fb988213f02141f18ed9
59422385,29f794a759bb9d44bf4a3b99bc21dedf,e4b7819243f226ea2e26a618bff3d9cb
59551234,686d03191b37f1008acfc7af81b7f345,7bce5d2e72059937af65e13bd694fb29
59649254,b99aefeccbf88c40d5011a4c6bb4d840,ce5d6b3126e22e8efcb0f8d8b6987861
59684623,d76ff54795f02a70b9423925e939968c,a35800e67b6bf7971943d5fb0217aa8a
59705835,d6db4b299499c3677558ca1b61ec2aa4,4ca5cf29955fed7180fded75712e34bb
59752159,d5fcb224f344e96e7528facf666c61b2,31ab4adc9443fc14627c4ee799a4f653
59771678,ccc7c470e4b369254655582a098c407e,c09aeae0d5545fc7e255ba37513ebf7d
59937035,6a9b6f9aea02609e5d5a53209875e6f7,0139037ead37a7de55dce1b89e939a3e
60167890,3aeb13ff45479653035edaa775926eaf,a8bfade7e77a54e8d213b293220cbb00
60417157,537b61c2f5c9139336fcdb7a2711a804,6c12f84d403de9220e1a6da66a7e762c
60558483,0ef6f92183f37028eb0f1350337e8bc0,fd05efd020dc6ff8c1507e5bd25fbbc2
60609732,4880963595aea650f9e5b7ae29f84820,08e614026779a4a297eaf6e64cc7987c
60749282,a56cb8451e5908d8b6b63ccffe4d80f8,8188494a7d1605aefa55659e1f519bc7
60769123,0071b493a49353751cb88de78fa66c71,38b37d340a1954f1c47b22b4344037a2
60784516,d3a2cdcdaef0a33db31eb611176bcfbd,7fe0af32fed2e423b662e9008b2f5dd0
60863660,ad9035b71c42307dba7aabec6d20b279,a0f70c4331108b94f486eff1b371a253
61009221,715eeaf977f6722e04f9eb136eca2004,32332d63c88f6bbdf2f7fbc96ae2be20
61036776,912182d263e722b6ef023dc085061ddc,0be56c6d9c080c8d351d6993d9d7ad43
61214614,e34e950c18a004b31cab7bd9dc8afdee,64cc8be1abafecfdb21f43ef5222cffb
61217368,969ad964b5c49011fa7eb1f87f79a3a5,ab8fb5113a9e625be2743986b11c5550
61271137,1e67e324673e2fd03c12598d3c3d6fe3,9f0184767df2c6b9eceb01c6e1ad7429
61358879,ba3caa4c2dec2075133153b2861260e8,717cd44fdc5032a7717d9e3e61de8453
61557964,3ac19c321d8e9d177445746191b0f56f,0c3035476c219f8ed6e4008f16ddbb75
61616017,2932b0d12296bf4219b9d9440678eb23,17829eea140631eaaefcab854cda4ffe
61783124,baa411f2bd063046ab8bf6ae8b1b632e,dd93de434663569e698f81c6f65a2360
61823531,51571045fc23d917231183c7ef0b1c00,8b3c2167cf583b31f18113e4326817ca
62063878,a513d8d7f5f3f0c079ba790826a10d04,965127ed9e2912d62dcab150dba1cbdb
62112983,7b3af2ef4d2611ada8000ea917753209,f44526231cd17029129fc88f271c1446
62238994,b24b47247a34d6756fb296be1fef24dc,bb75a2dd864e1c35ac0029d875341b6e
62754404,deee472a4d4145954a18f7bda2746dae,30488d90f2e0eb0ce7f38b860885254d
63048741,6157081861ffa56dd30c088b36c8a6b1,d7ecade530cbd72c52d304c96a04d73c
63078595,8f3529ae167b36eabc54937c81aabb0b,01236114bab0a896b2612c56598e25bf
63100008,1476eb2c9274b1b772a79e6977179088,bd192287b171a901ec9408c139f42f7c
63139913,b5efe348f552588cb846801c249424a4,a10e2b697c8bef010349c283d827838b
63150705,b8a8ca2fa08b21f93fffbc1faa5150fc,7fb1cb91186be787dfb229637cc7cf43
63229154,49ee397f68ffd37812081c571876f24b,4c7dd2d06d2bf752a6dcac1b8c740f0b
63341152,e5b87879915069d1e4be487b3ed6da0c,a5437c81cfaeb1e3e2fa3458cf59063a
63349984,9a2b34a324c9527a02d54da30def6e1d,04bab1d304d5821171206e5ad34fd041
63522097,ee9eaea50eab534ef7ad9fe26e0b1d4f,9d663d1d2739ee037309a9db8c6a3de2
63601599,ff2b90bcf9c2dceb5dd80ce023cdd909,dfb072f3ee0e16e8c76d407bfa485b2a
63615314,d602c6da94ed1bc2f9fc2e27bcb8ccd4,f8b94801dfd5381d87b872a05e5e5f42
63630624,fafbdeda6a1088f097ea1644484b73af,ea5261d2533fad80269aba01c3add776
63669602,d08661d18c4667e4f19e93869756dcfb,1c479de1a1cf74677914bcd42e185e07
63684838,e008a36308523c3af3ceefe5eb03dbf0,d5f1042691fc009400dcc2e7c34840bc
63715223,93119b7421aebb2a461e08f8cecfc892,d58c30ac680814ea93b33f80104f339f
63831541,9b1babf7e69b0a1a2a6c7455b9bc5b21,aa868f04e2ecea1f3d05f2ba2cce8791
63839893,e1c9c43fe3b79d4b3d9e57c51119b739,8eff144820c4ff2ea63cbd2e02ae25aa
63916234,11ddceb9041fbe099742605b3ba31ed8,72d9535024b126209464e6b3e9a77ef3
64066322,a0f145b7e492a49e3fcd62ca46386ce8,d11837f4c903a9372c1d1328c72b8a94
64097136,d854d432848dde1924e6eaf76672876d,9e0ea0d6b1c2b5bc0e06016b57e6a457
64104487,e0d960fd9236f8e7c2f02df93e9f40b6,421656dac24ca9b9329284dfa06c083b
64120752,562c0954e52df9a71407bcc9b6ac72bc,f4aae90cfbcc61c1e4264976708a63d6
64183225,f54ca034d22084df688a1cfb7e0ca3a1,111504a9ef5c3e004731d49ff668ef09
64208340,d43191f3e5279ef46667c1a505cc690c,b38cbc8d5c911e70922688970f86b321
64242300,cdb7bd4ae9277b45410dfa00a77d984c,01059b03be27a8001665af2e0d8e465b
64269007,745df2963d9cf91231045848ca00ebaa,67e150ab83b0ce1dfc12cbfcfc52e370
64270333,b33b796102aa8294c45e695222e6b08d,4debd0afa1376f4695a53af5ef2f2ae3
64429322,ff381b723568d8962afad584a6d3a4d9,6a19ac82967bd0389f92e26b6206e720
64620384,9e5ef021520d12dec80eee29f34a7087,edc7eac446578491630f187112b82d65
64639613,6e0eccbc49497fb67d08cbd34bbe9082,027e51076a0cd6c0fa1b6d683cccda62
64647065,58189cbe294d4bbeeb4788b6b345191b,d2b8eb054d8aea34ea7deee11fee688f
64659201,25ab86a20a8a9c631d02f2f60cc261e4,4735a24c5e925466d317bec094752c98
64664521,94fcce8925b3b296e85255823d69b884,2e1b27c6de9826595becaf7a6d81f0a0
64677526,b03318c47d928765f895cea4c2b68e7c,17dff9bd3e092dc71959707d45c4c07a
64718744,d5c2fa535c7a9b5eb14c036e65e2d005,14aa5902eea13d3f205f8f05c25799d3
64728219,db8ce1b836d00cba23ff2c0267f39334,e6db6a9415afeb9058f9627693cdecde
64755142,bec487e54d30744ba94f6943ee329dc1,30b37b4c72a4eac51c5af0fa31c40c76
64780274,c1ff7796fd03aa07167e6fc0d73dcf90,6fc5bdb01d2ebbaf3c39d74874760a46
64786862,4005f477417f46da65700b41706bd575,74b06d61abaec7e528c076ef69afbd27
64787084,5495ee54f90d3dab5da45e65bf3e5dff,94876459311c807938e8d320b75b1fd3
64875594,3c2c9b286d72038b8661566b449c932f,ac45e4f63b0e656e320500c3779aec0d
64885839,f5e7af21820e180eb7b93d1fc2b9b2e3,d5ca5bd0d93255aac2dc9a5122508579
64890883,80c4e65dba72e4d073603138725b3508,5074287c9dcdbff745c27dce0eb265a0
64906291,43948669dd692c579214e918c397f23c,ca7a6d03c3dd4fd2810667a991da5376
64909785,0305b2ea4133af2725296a39b78a605f,805616890efa900f694a28a3d103f1b8
64912136,aeff1b05641b5accb023ec834369bcd4,a83b4b6af96478ba6a9e8d5eb36045fe
64913837,50810859bc56b17b6808364379721040,2775cc4002257d1c0cc9f02023f541c4
64917381,30502a5e53e25d18f382d901cae45b8e,f3466ff475f12d230ab187725d5a6174
64918825,b9c96a8c81b1123fa3ff5d2b43a4c0d1,109ee444ac91af1dbf1121d11ced7e18
64920355,a54eea90c16c5eb2a829f389dbfe26ef,a3d9395dc6e950d355651c194f9876ec
64925516,b25527dab062ea3cc8afaf82def85a63,8cf54c5b1ee612cbb4d239a54c5f19cf
64925671,c6dc6fb5396a6aeedc2588b10f9d4fd2,3355e639b22f6e443d45f0450abd0618
64939121,15b9f60c4df146dc6cb44a6449f5fe03,62224a9d11b0156c47a7ccdc62641271
64947242,dd472860adf7f2dbfba70c46465c75c0,85666252d2fc74fccbadb271a8684f7e
64949403,9bf89796457d579b7a7b577e3b51e0ec,41db435d4c70544d059bd758f92db3d2
64975987,513861e58beac589df3e7369a803dd3e,9387c0d646abb2119af6042b07061bdb
64979878,61bf9c54892562ddf047d672a9bc1657,d60ef5a11cb1d72b570910241506a955
65005334,1762a383b256708a0965a79d861f8112,5e05845c8dd6b6b7fd9144d5870c202f
65010916,293ff7b77f3e8965205ddafcb1eb17a5,dccbd140f768e09f7fc4a4008232bd50
65027646,49b7dba3db43e7d1bd97447f04d00865,c939818eb6771451e19954fe10653ccc
65031813,7e4df1342d39e963543f5e8deda71b23,182b544b35d75be91725ad8d1ab10d0d
65046828,bfe634d4cf1455091ee059fcdf0d641e,1bb58b36c06d8e88cab580be36e4c231
65047379,799468d3b3776ea5622d738edfe3d78b,8a2f7768a6c7ce12999a6f333d841fe8
65088192,66da3029c70cb2f85a161557c1286292,202bbf5c1f6035ab898788dad1f83a3c
65155808,050bab9e094603a37e117a460799c10f,e13d2b32d251c467e27998ff07399e3a
65158178,b872fe24b9915137377456c8c9e64de6,d2427ddf2b44a6c817f30a29e3ab8617
65174669,79942ccead2ad51ba4da6af8930fe0e0,1823dac840ffc640137622502c897bfc
65224331,8f54ff350e210f7cfd75c7e8591c70a2,9b93315fa6730c4a5276af625c50e0a3
65273452,59abaa5f6568bae8e19bf15760b86731,69af9aaadd670fd7fa49752d7005a6c5
65313889,ea4a014532ed8c62ea17ae5cd96e360a,0137a5ea714c5e6ea7fdcbffd0970c10
65319817,9b4be6d5beb03d43246d2f3467c59da6,759d322f4e2e139e430f63ddeb0aced4
65338584,7cfafd45fa3a9a9c45cd0484b3f5ed90,1dd6de17205c35591a05a8620189f0e6
65352925,358e98c15b20b93847fec40e2b883ee9,7af0971b944e10ca13c7fedd0c3a6e8f
65369703,7226910db8d59fc5bcee5988c97ba967,e0525eb37d53f2c7bb1b8b2f80ebafd2
65378457,b8c43c98456d8cf524badedb30400cc0,060f105089da999a58c5d5526df869be
65391084,b4f165100171b1e74dd8bac5d5277e4a,d11ed57ac08574084547eb60b379b20f
65391165,22e75f614e4ee88ce12e59269f6295de,145a9f594327396f398767eeaff23c47
65403246,73c1e735fa014019da91377bd10de6fa,dc8d25c9ca47834c238e977059494667
65428382,f5bcac4b48c5cb40e65d820bd0354e5f,64f934fd94be0664de00442d773a7bd4
65431688,d319c5282cc134237fac92994e14976b,7e2eff8aa8cea5324fc43f709b6a233b
65462448,9d47eae8c998a1a0354a5b279dd29a79,e97aa9654e17d016ec4bb53fae5c2c94
65475958,1cb5caee4b1bdcf544486658e2037907,d58c3ea65b31e40dbe2eab52720dd4ce
65479302,b5fea3ba974d67ccf02da6cc34a74ce8,4592b73caf2f54ab31104da422ede664
65490474,3f7af473b6c82267cb8395aa6b731262,eb939d7b3dd3eef72a6c28441c22d432
65498552,51c2f28b8a121124829f1c404858e2fb,10aaa2efc8c7f7837c196977db09b28e
65501535,6c19ea21aa8871a3e4cd466b719a70c7,3e391291a3b03e318f400fdd2ca5d90e
65502411,f21c67dffe8200157bba0aa99c9e0efa,90e00cf172dc6c926abd92f852ad041d
65508916,488dbc839a00616a9f09c0d21d0dc465,db559f2e68950f39fb1d8cbc08c4eb8a
65511989,1c7b34664105cfe00238a7e2cab679df,d7404d12c4a133089f848775c9d47069
65515937,5d5edd6dd7d56684a057f2173c358665,200f902441dcd8a6d261c71f515907ef
65516357,3ba485e7f00f650bbf84008b4d5eb9db,47e164aa20be23dfa1d1c3adcc3306f8
65530101,693c5715c36ec00b885b6fada9cdbc89,e9cf7acd752c38cb0d569a7b204f3b09
65623213,61fe961c21dff0fe11663cf7923b97f6,44cec186ea9a48d68403d77553445a10
65673979,558fedb015a3da9b60b48b41030391c3,a304693c0a8f42bed065e07068f2a25c
65735135,9fc45a74649fe698a2d7c75f041173f8,3fa803b85c94459915e12563b47f9a6c
65781620,38bee082ca70affffc415d1dbef7d99c,4b6f9a24061162683f2e7b6903dadfd6
65922230,4ba8e045abfb90a267c1c766ff222440,e6ebbf3823c7fc41a0d32724f572731a
65935986,73c953f291f2903ac4623eccb9d18c1f,388178de9c6258c53565c18fb6abc772
66063816,109dbd5f166b60ad4db875e80a7b5340,160e1fb250e6dc2b10d84729aaaf0377
66070035,5d310386fe7dd184caa2f3df86d0f95e,b70b6f7616d1f5fadbfd89e3611336fd
66128935,de235f7ceacdd245b8e7336d505b5dca,bd5a54f78ff6229d7dd56661c8bbad68
66153695,8da35d4b248b73c43892f24b32d7f881,5296a212dd941acf1f107efc6f68a8b2
66170784,7c47e316d4483c85a9f2b6e6ad4ebdfc,81c543f3f60dac98cd8815b3c1e6b46e
66199387,6ca7d9c57710fa4cb236fbf8bcf5bb2d,b16c74d64e7f559829ac051fbba4e265
66221847,0fdf6dc41d07be229043e0b4aa79f385,a1d15a9a42b50c110d6620bd09c16cb5
66262771,c154428f875576d877cae0256e4a4e3e,8a77b5655a01e0a732eff8f9de954a68
66273472,998b83294076f45fbfa605e1d4ba4b17,8c222c85164b3da7c963fe8fb4cafb21
66298321,232afc11e64cc42477705d83246d672c,2d42f73f6d8e883193a73a8236b6ff52
66306183,f8c6903cc92e986c187dc00946e7d419,3d165495e0487b7032e6dc4fd56c8bcf
66311823,4422eedb792ee0a11cd2a67aed189fcc,96d857e22b0accc0059bdc6e610d96df
66326251,56dec356622fa7745563370b06bb8116,cc59adcd543df37b6859d7349e552ef3
66364079,e3af6426090356e20a530b641a942e11,2bfe088b16fe4fd4b71e6d97383b5f87
66424153,9a9d5978c30d4df44e6a623e17429766,21aa2d86de399a524e6df79df11cc7ba
66578954,412ed90dbc4aa283200fc149b0611d42,3322fa51bc7c98e32fef8ba12676e529
66616128,aa41d1d8790c5cc0590dbd134416ab7b,2613e222680636fe2e9e1e4ece3d9b29
66649299,64cee2c9a78326b05d33784904033910,d53b739cd190a295e77d4ec14bf2aa7f
66716449,a0aa723e896adc451cf4c08878bcb0fe,e3ae7025311de80fb3816de0b4e1c352
66743593,38f96dee46af4da0679cb0a6a3b658e4,3f4bfd0dab96519746199765ed16b945
66761451,644fca4888040cc061d55e1ca7da820c,787411bb1486af7eade721b7eedb743a
66805434,374a34afe3e5d7afef2608332fab09d3,eafbcee461151b879abc857231b46e75
66805749,c69ae4fe171434ce3ace7a2c5d2dc2ba,2bea98ec155f9c35c306f521ac91d4f5
66811107,0e2a8874280456f85c53a60ff9ec9097,645fb8b12c5bd36330ed96571d124b8d
66830281,29078ad33768421bd0e54c72ea1d8db1,f76b9b5bbdba9aa199532a5911fc20d0
66839041,0f9963f756828118c650b59de7525158,795c909560aafeabcb1bdff13d7a660e
66891093,7f6b46e359b76390816a3d7bb3f46927,a83005d526d776621a654480bce6f5f8
66909091,98a4f1cf65e3679f8c5fa5f7a28c1dd4,6c626593c0a8000ca31c286e278437e6
66923596,1d9178c2637be4cc964f3a1c3350e950,5171d04e2231ee8e5a39e7a9edcff841
66959551,e48f42a8951e38305b725b8c92ad1384,de32bdf023579f6b71e81fe82517921b
66962323,2c8af3cc7cb0384de0313a1d3eaf4aa5,a233ce07e6b1d8018768ced73f70cf48
66964217,f7da3f9db87c7d8efd337b376cb27a49,4da847e597a57cf62334eae74fb8b347
66970367,c590cbaa87298a0a404dca987a582272,d201fba5dfe83f49375330de3321aaf5
66975446,79830482488be2e952ef410df5dc79f7,656b6e210d3e11e66458e07631edf5c9
66980543,3511c7c2284c7d0e7e240a1981c0f208,24ebc3d6a6dc0e8863afcfcdd8ee1a02
67011999,048cbedff733916b3a769c34b7dc63db,92fcba66ff2cda341694014a6ed03386
67034115,555643336b4e3a7ace3636704fa1f117,9765dde515d0cf4a51c2393a5e445358
67073144,8829445b0f5ce52e5f6625a13a226add,22560428182306fd44394faee6d1e91f
67093006,54509ea591e7032de0a49ca968009c04,57c7c4a452e0668757cfe61a933ac536
67102122,a27aea2912d29d536d1a5fb517158463,221e4396c1dae155b0a569c18e2edff0
67115796,cd9d32a62009eb25511222aa51f08c52,f1923371901f89419ad4a4d2db4b272a
67115798,745135d7cb11ad19e7248150939b4445,094a785835c3a345a30cd494d4eefc18
67126195,f8a5c9cc2fa926b0662725308dbabca5,591d7aba4f8646b9be6f505e1801d3bd
67151298,6970dc006c755eff14757d2f71b58b38,57f8156a7769d35172f9aa894f8f4645
67153392,81f9c9bb6c618271fd4221c443bc5553,b74f5525b8383b75bc29b966b7d5687b
67161008,87204729ad88e105d6c25e6a42602cf7,f7b31b3807c166d70142d35ca8f1f014
67169629,e5f7e80189fdd6c003e9b6b7fa3df93d,597502cf5539df385ab664c8961e0ef4
67181969,203e77eb541927c7cfb33b0ecf3c0685,b97ae3ea8879012125218d948a96b6a2
67183094,540788e2dbf0e34abe9f6d2a51904f59,575c9060c81c10a95ed6056a18ee748e
67185561,3a2f602e2967dbd68ba20168e3f95bfe,03345170db977b2c0acf495ebd4bebec
67219938,9a710fdda878d14ff9a01c2d8d90e242,42785c29fae88b92e74f30ceb77600fc
67240399,67390394164cdda216805d3539ecdfe6,addc13f4352ee63f1d00aa0dd90234b3
67247319,3dc12be6228301f37b3482bd8f1329d3,22c58385b2dea28ef124f9b8621820f0
67309849,bcd803135caf6894bb8a17a1c2a95953,3cef13cee4ffccf78eb839c6770573b2
67325754,0e9260761211c2f86b5510e78eebfae7,81029b49ae333ddd892d063e27d6a20a
67366963,dbe198b138f823426c09552d308cf769,626f98cbe69d5550d1239d64de68af9d
67398066,be60e7d0bf2f23ce93f324c4e5104557,465c4ca094bd22cdb2c5c3ee57bd7f17
67399533,24a477e95d9ca568d93618e4039a15c9,9931951a6ab0a25fd4dcdfa0eca8104f
67425976,528eae4b44c280a65110b9891517084f,bad7dad85f16ddd772eeecb8b6e56360
67448531,5f86db9e240cbe265c679721c97aefd4,67a0285a2f05c5afcd18ea7b64701655
